{
  "version": 1,
  "author": "wiem bejaoui",
  "editor": "wokwi",
  "parts": [
    { "type": "board-esp32-devkit-c-v4", "id": "esp", "top": -28.8, "left": 110.44, "attrs": {} },
    { "type": "wokwi-potentiometer", "id": "pot1", "top": -97.3, "left": -96.2, "attrs": {} },
    { "type": "wokwi-led", "id": "led1", "top": -42, "left": 368.6, "attrs": { "color": "red" } },
    { "type": "wokwi-led", "id": "led2", "top": -42, "left": 311, "attrs": { "color": "yellow" } },
    {
      "type": "wokwi-led",
      "id": "led3",
      "top": -42,
      "left": 253.4,
      "attrs": { "color": "limegreen" }
    },
    {
      "type": "wokwi-resistor",
      "id": "r1",
      "top": 43.2,
      "left": 249.05,
      "rotate": 90,
      "attrs": { "value": "220" }
    },
    {
      "type": "wokwi-resistor",
      "id": "r2",
      "top": 43.2,
      "left": 306.65,
      "rotate": 90,
      "attrs": { "value": "220" }
    },
    {
      "type": "wokwi-resistor",
      "id": "r3",
      "top": 52.8,
      "left": 373.85,
      "rotate": 90,
      "attrs": { "value": "220" }
    },
    {
      "type": "wokwi-lcd1602",
      "id": "lcd1",
      "top": 131.2,
      "left": 255.2,
      "attrs": { "pins": "i2c" }
    }
  ],
  "connections": [
    [ "esp:TX", "$serialMonitor:RX", "", [] ],
    [ "esp:RX", "$serialMonitor:TX", "", [] ],
    [ "pot1:GND", "esp:GND.1", "black", [ "v0" ] ],
    [ "pot1:SIG", "esp:34", "green", [ "v0" ] ],
    [ "pot1:VCC", "esp:3V3", "red", [ "v0" ] ],
    [ "led1:C", "esp:GND.2", "green", [ "h-18.8", "v-67.2", "h-153.6" ] ],
    [ "led2:C", "esp:GND.2", "green", [ "h-9.2", "v-67.2", "h-105.6" ] ],
    [ "led3:C", "esp:GND.2", "green", [ "h-18.8", "v-9.6" ] ],
    [ "led3:A", "r1:1", "green", [ "v0" ] ],
    [ "r1:2", "esp:18", "green", [ "h-9.6", "v-30" ] ],
    [ "r2:1", "led2:A", "green", [ "h0" ] ],
    [ "r2:2", "esp:19", "green", [ "v18", "h-86.4", "v-57.6" ] ],
    [ "r3:1", "led1:A", "green", [ "v-38.4", "h-9.6" ] ],
    [ "r3:2", "esp:23", "green", [ "v27.6", "h-144", "v-124.8", "h-48" ] ],
    [ "lcd1:GND", "esp:GND.3", "black", [ "h-48", "v-134.4" ] ],
    [ "lcd1:VCC", "esp:3V3", "red", [ "h-192", "v-201.5" ] ],
    [ "lcd1:SDA", "esp:21", "magenta", [ "h-28.8", "v-163" ] ],
    [ "lcd1:SCL", "esp:22", "yellow", [ "h-38.4", "v-201.3" ] ]
  ],
  "dependencies": {}
}